video_id,title,description,category,sub_category,tags
OnhZDZXzBz4,inspire story manoj never stop dream,dream deserve come true watch inspire story manoj never stop dream visit httpgiftalivelihoodcom refer someone like manoj icici academy skills free vocational train gift sustainable livelihood giftalivelihood,Nonprofits & Activism,Inspiring Videos,
2bWeMj2PyUQ,surprise truth inspire others jaymin patel tedxuhasselt,grade due skin color jaymin patel ever since drive different discover surprise truth inspire others jaymin patel travel around globe hold variety job waiter forklift driver model actor csuite adviser large corporations start company different countries bollywood dancer choreographer live visit countries include state usa besides also know give amaze hug drive passion understand celebrate make people unique different dedicate life teach people achieve goals live full authentic existence international speaker coach author book network rockstar ready rock tedxuhasselt stage talk give tedx event use ted conference format independently organize local community learn httptedcomtedx,Nonprofits & Activism,Inspiring Videos,"TEDxTalks,English,Belgium,Life,Achievement,Behavior,Benefit,Body language,Business,Career,Cause,Change,Choice,Communication,Connection,Consciousness,Decision making,Development,Discrimination,Dreams,Early education,Emotions,Empathy,Energy"
mC6LNBWpMCE,engage inspire teachers amjad ali tedxnorwiched,talk explore concept engage classroom whether necessary amjad dissect notion gimmick fad present teach develop time turn inspire generations people overall message best never stop learn amjad senior leader train educators nationally internationally ambitious commit aim make difference education system inspire change recently involve coorganising bameed new national network inspire bame educators teach tweet tweak practice help others improve turn help students amjad education ensure wherever come whatever parent impact ones potential success whatever success mean young person find celebrate talk give tedx event use ted conference format independently organize local community learn httptedcomtedx,Nonprofits & Activism,Inspiring Videos,"TEDxTalks,English,United Kingdom,Education,Education reform,Schools,Teaching"
7sxpKhIbr0E,psychology selfmotivation scott geller tedxvirginiatech,never miss talk subscribe tedx channel scott geller alumni distinguish professor virginia tech director center apply behavior systems department psychology fellow american psychological association association psychological science world academy productivity quality write numerous article book include ones watch live lead selfmotivation scott examine become selfmotivated psychology selfmotivation spirit ideas worth spread tedx program local selforganized events bring people together share tedlike experience tedx event tedtalks video live speakers combine spark deep discussion connection small group local selforganized events brand tedx x independently organize ted event ted conference provide general guidance tedx program individual tedx events selforganized subject certain rule regulations,Nonprofits & Activism,Inspiring Videos,"Virginia Tech,Science,United States,ted x,ted talk,Scott Gellar,Psychology,English,tedx talks,belief,Virginia Polytechnic Institute And State University (College/University),Motivation,tedx talk,competence,tedx,consequences,ted,TEDx,TEDxVirginiaTech,Blacksburg,ted talks"
FEeTLopLkEo,inspire next generation female engineer debbie sterling tedxpsu,close eye picture engineer probably werent envision debbie sterling debbie sterling engineer founder goldieblox toy company inspire next generation female engineer make mission life tackle gender gap science technology engineer math goldieblox book seriesconstruction set engage kid build story goldie girl inventor solve problems build simple machine debbie write illustrate goldies stories take inspiration grandmother one first female cartoonists creator mr magoo company launch raise days kickstarter feature numerous publications atlantic forbes prior found goldieblox debbie serve market director lori bonn national jewelry company past years also serve brand strategy consultant wide variety organizations include microsoft tmobile organic valley new york knicks debbies inspiration create missiondriven company come spend months volunteer grassroots nonprofit rural india create viral fundraise campaign call want goat raise economic educational development region experience help pave way find true passion inspire next generation female engineer debbie complete degree engineer stanford product design currently live husband san francisco spirit ideas worth spread tedx program local selforganized events bring people together share tedlike experience tedx event tedtalks video live speakers combine spark deep discussion connection small group local selforganized events brand tedx x independently organize ted event ted conference provide general guidance tedx program individual tedx events selforganized subject certain rule regulations,Nonprofits & Activism,Inspiring Videos,"ted,tedx talk,tedx talks,tedxpsu,tedx,ted talk,english,ted x,ted talks"
_s6-NLxvKl0,inspire speech ever hear,credit go jam aspey amaze work vegan movement original video find qa subscribe channel vegan stickers go vegan httpsgooglcxbjub starter httpsgooglowkcfz vegan speech every vegan documentary get every nutrient guide vegan nutrition podcast also vegan revolution vegan activist httpssoundcloudcomveganactivistpodcast vegan stickers vegan clothe help theveganactivisthotmailcom httpsgooglkxhpla httpsinstagramcomtheveganactivist httpswwwfacebookcomtheveganactivist help us caption translate video,Nonprofits & Activism,Inspiring Videos,"vegan,veganism,activist,activism,sPEECH,Best speech ever,Inspiring,James Aspey,vegetarianism,James Aspey Speech"
3mlVVCgQRmk,pt usha untold inspire story indian athlete,golden girl pt usha continue work dream win olympic gold students free school women athletes support indian dream httpbitlyptushaschool,Nonprofits & Activism,Inspiring Videos,"India,sport,athlete,PTUsha,P.T.Usha,Olympics,girl,Indian,Inspirational,Inspiring,Motivational,Untold,women,free school,school,Dream,win,golden"
Ja9BFx5Mhqo,inspire video ever watch,repost video friend mine make post car website inspire members want others see video could inspire wonder julia still alive roger continue run sake isnt video sadness one human spirit accomplish roger set quest lose weight get healthy eventually run boston marathon niece bear cystic fibrosis goal raise awareness cystic fibrosis along raise money research treatment cure heartbreaking disease video highlight incredible journey age obesity accomplish marathon runner roger humble man continue run marathons day raise money cf research work tirelessly spread message accomplish anything set mind november roger run new york city marathon marathon years since run boston marathon would like read donate cff cystic fibrosis foundation browse wwwrfmeorg read roger cf personal note watch video constantly need positive motivation desire video reach many people possible need help ultimately donate find cure cf dream share everyone please pass video along watch rogers video follow link discuss journey httpwwwyoutubecomwatchvyqufoikfgw nuki update since coldplay own right song cant make money video intend donate cff im turn worthless ads update remove link channel im embarrass ever even post rogers journey success amaze ability inspire others thank like subscribe view well wish roger family,Nonprofits & Activism,Inspiring Videos,"inspirational,weight loss,Cystic Fibrosis,CF,CFF,London Marathon,passion,Boston Marathon,marathon,ever,running,training,fitness,inspiring,Roger Wright,transformation,Success"
-pYuSSP5Wls,inspire act everyday kindness,give rarely money day period highlight worlds intimate act give effort showcase true essence word give hope shortfilm encourage viewers nurture vital moments change someones life imagery word good hide vimeo originally produce sevenlyorg inspire give spirit,Nonprofits & Activism,Inspiring Videos,"charity,kindness,random,happiness,peace,people,life"
9Ei_C7NyyY8,aksharanand inspire life aksharbrahman gunatitanand swami hindi,aksharanand inspire life aksharbrahman gunatitanand swami hindi,Nonprofits & Activism,Inspiring Videos,"bapa,baps,swamianrayan,swamishri,gunatitanand swami,aksharanand,aksharbrahman,life story of gunatitanand,valera varu,uga khuman,gondal,junagadh,bahauddin,akshar der,akshar deri sardh shatabdi,akd150"
AmLUKpftc4E,story sight vision inspire illango tedxjaipuriainstituteofmanagementnoida,connect without eye connect possible nothing impossible self power self improvement health happiness self train motivational public speaker singer inspire thousand persons india abroad per year speeches songs hes founder manage director aca panacea life skills pvt ltd award award excellence jci india today award siva foundation award tamil nadu state award best employer year talk give tedx event use ted conference format independently organize local community learn httpswwwtedcomtedx,Nonprofits & Activism,Inspiring Videos,"TEDxTalks,English,Life,Connection,Happiness,Health,Mental health,Positive Thinking,Self-help"
TCOvoo_XTgA,inspire beautiful landscape earth hd,select best hd nature landscape inspire take action help keep world beautiful legacy children rent pay earth activism fyithe film end create find tube add make point even child speak wisdom god order remind us important find quite angelic powerful speech,Nonprofits & Activism,Inspiring Videos,"beautiful landscapes,landscapes,nature,hd,waterfalls,sea shepherd,anarctica,oceans,mountains,desert,forest,trees,beauty,earth,activism,conservation,Mountain,Sky,Climbing"
Ju3qh2yx9ig,aksharanand inspire life aksharbrahman gunatitanand swami gujarati,aksharanand inspire life aksharbrahman gunatitanand swami gujarati,Nonprofits & Activism,Inspiring Videos,"bapa,baps,swamianrayan,swamishri,gunatitanand swami,aksharanand,aksharbrahman,life story of gunatitanand,valera varu,uga khuman,gondal,junagadh,bahauddin,akshar der,akshar deri sardh shatabdi,akd150"
0WmryhioApY,die college professor give inspire speech,cult movie philosophical quote cultural icon political satire tshirts please visit httpwwwcultureshockclothingcouk professor randy pausch make surprise return carnegie mellon university deliver inspirational speech class commencement ceremony may pausch include time magazines list worlds influential people book last lecture cowritten jeff zaslow wall street journal base pauschs nowfamous talk really achieve childhood dream new york time bestseller,Nonprofits & Activism,Inspiring Videos,"inspiring,speech"
kul-g_30HuU,inspire readers little free library story full,little free library change course life watch inspire story young boy whose life impact simple box book create focus group film facebookcomafocusgroup director ryan casselman producer yvette angulo director photography jesse aragon cast rick mancia dylan taylor sadie johannson gracie johannson timi mason,Nonprofits & Activism,Inspiring Videos,"Little Free Library,book exchange,book box"
oT6qgaYfxo4,inspire life stories saint india jagad guru kripaluji maharaj sant tukaram,receive inspirational videos swami mukundananda join jkyog inspiration whatsapp group day put practice daily sadhana zoom join online sessions whatsapp group join days life transformation challenge ltc swami mukundananda free signup httpswwwjkyogorglifetransformationchallenge transformyourlife guru purnima special jkyog videos present inspire life stories saint india enjoy receive spiritual inspiration real life experience live great gurus saint divine live saint full life change events spiritually motivate examples devote devote always inspire hear learn divine live famous saint india saint india motivational message episode inspire life stories saint india swami mukundananda share inspire life change experience devotee meet jagad guru shri kripaluji maharaj first time swamiji also share humorous event sant tukarams life teach us live example see gods grace every difficult situation life watch motivational videos successful life latest motivational video secret happy life take make life success live successful life watch best inspirational video change view take live happy life make life success secret happy life part thoughts make life secret happy life motivational video part best motivational video swami mukundananda control mind best inspire video patanjali yoga sutras swami mukundananda inspirational videos success life bhagavad gita swami mukundananda hindi kalyan ka marg successful life motivational video bhagavad gita english swami mukundananda motivational video success life bad things happen good people hangout swami mukundananda httpswwwyoutubecomwatchvnerdm best inspirational video happy life anybody truly happy goal life part swami mukundananda motivational video success spiritual motivation succeed work inspirational video swami mukundananda best inspirational video success life gods purpose behind struggle motivational video swami mukundananda bhagavad gita song god commentary swami mukundananda read online free httpwwwholybhagavadgitaorg please watch patanjali yoga sutras swami mukundananda guru purnima special swamimukundananda jkyog join swami mukundananda mail list httpsjkyogorgsubscribeournewsletter people usa text jkyog get start,Nonprofits & Activism,Inspiring Videos,"Saints of India,Famous Saints of India,Kripaluji Maharaj,Life Story Krupaluji Maharaj,Inspiring life stories Saints India,saint Tukaram story,Life lessons Saints,life changing experiences,Swami Mukundananda,spiritual motivation,JKYog,Jagadh Guru Kripaluji Maharaj,Kripaluji Maharaj life story,Spiritual motivational stories,lives of saints of India,divine saints of india,Saints of India A Motivational Message,guru purnima 2018"
OPCDLEzO5PA,inspire universe change world tom vassos tedxcollingwood,waste hours time watch mindless nonsense tv choose senseless social media distractions quality family time learn world around us sometimes ingrain habit get way spend time things really matter life golden age astronomy space exploration take tour universe learn recent remarkable astronomy cosmology discoveries learn inspire bizarre extreme things universe consider become citizen scientist together get excite breathtaking aweinspiring universe around us tom vassos devote thousands hours research lifelong passions astronomy cosmology space exploration founder cosmologists without border member royal astronomical society canada contribute member astronomers without border science advocate american association advancement science mr vassos technology industry years teach course several universities around world include years university toronto mr vassos receive bachelor environmental study be degree university waterloo master business administration mba degree rotman school management university toronto enrol phd program charles sturt university two years incomplete focus innovation research talk give tedx event use ted conference format independently organize local community learn httpswwwtedcomtedx,Nonprofits & Activism,Inspiring Videos,"TEDxTalks,English,Science,Education,Exploration,Life,Space"
L5maYAPhhoo,full video mother day inspire speech dr jayanthasri balakrishnan,full video mother day inspire speech dr jayanthasri balakrishnan mdcrc india wwwmdcrcindiaorg,Nonprofits & Activism,Inspiring Videos,"Jayanthasri Balakrishnan,latest,MDCRC,DMD,Duchenne,Duchenne Muscular Dystrophy"
UCFg9bcW7Bk,teach methods inspire students future joe ruhl tedxlafayette,collaboration communication critical think creativity present classrooms joe ruhl receive bachelor master degrees purdue university share joy biology kid years presently teach biology genetics science research course jefferson high school lafayette indiana joe wife gail two children two grandchildren national association biology teachers name joe ruhl outstanding biology teacher indiana award golden apple teach award lafayette indiana chamber commerce honor white house recipient presidential award excellence science teach receive purdue university college science distinguish alumnus award excellence science teach award purdue college crystal apple teach award honor shell national science teach award talk give tedx event use ted conference format independently organize local community learn httptedcomtedx,Nonprofits & Activism,Inspiring Videos,"TEDxTalks,English,United States,Education"
R_ypK3r24og,inspire next generations optimistic juan david campolargo tedxdurango,juan davids passion worry optimism lead write book georgetown professor topic next generations realize generation population shift pessimistic fact generation z pessimistic generation history world something super crazy know need something take action hope talk people learn optimism science tend negative interest also hope instill sort passion excitement optimism perspective ultimately want talk see tool help people take advantage live optimistic life name juan david campolargo years old bear raise venezuela recently move chicago years ago first arrive us know english learn months follow year arrive start take collegelevel honor class year move country learn language speak four languages spanish english portuguese chinese ceo founder optimum smart company help advise businesses social media market learn invest stock market cryptocurrencies startups start small hedge fund contribute continue contribute nonprofit organization call panas en chicago help provide assistance venezuelans desperately move country look freedom organization come problem venezuelan immigrants lose know make lot mistake one anything get together venezuelans find solution problem panas en chicago currently provide assistance others venezuelans via internet website apps like facebook instagram whatsapp last summer go university pennsylvania participate one exclusive hardest entrepreneurship program get high school students name mit launchx earn award history program constantly look new opportunities ways help others help others create company biggest drivers also work book georgetown university professor publish november far interview people like mark cuban book land page want learn book talk give tedx event use ted conference format independently organize local community learn httpswwwtedcomtedx,Nonprofits & Activism,Inspiring Videos,"TEDxTalks,English,Health,Activism,Behavior,Global education,Hack,Positive Thinking,Potential"
p6oytXSqMJI,story black dot inspire video change see life,must watch story black dot wise professor give students perplex test paper process teach lesson life black dot live hint watch video look subscribe everyone matter peopleaffirming videos join grow global community big hearts everyone matter httpwwweveryonematterscom video curejoy,Nonprofits & Activism,Inspiring Videos,
h0C2LPXaEW4,story elizabeth smart tedxuniversityofnevada,abduction elizabeth smart one follow child abduction case time rivet talk discuss abduction encourage face trial dont give dont surrender move forward never know live able touch spirit ideas worth spread tedx program local selforganized events bring people together share tedlike experience tedx event tedtalks video live speakers combine spark deep discussion connection small group local selforganized events brand tedx x independently organize ted event ted conference provide general guidance tedx program individual tedx events selforganized subject certain rule regulations,Nonprofits & Activism,Inspiring Videos,"ted x,Child Abduction,Elizabeth Smart,Nevada,Courage,tedx talk,ted talks,United States,ted talk,TEDxUniversityofNevada,tedx talks,TEDx,ted,Reno,tedx,English"
oyEH5Vk-aFo,inspire teen speak un year flee syria unicef,mustafa flee syria survive dangerous journey across mediterranean mother incredible story inspire tales mustafa go since settle hof germany become youth advocate honour mustafa join us mark anniversary unite nations new york share wish children around world visit statue liberty stagger sixtyfive million children move displace conflict poverty extreme weather look better life place call home learn work support subscribe unicef official unicef youtube channel primary destination latest news update frontline documentaries celebrity appeal work realize right every child click see latest trend videos httpsmarturlittrendingatunicef unicefs work visit httpwwwuniceforg follow unicef unicef connect blog httpblogsuniceforg facebook httpswwwfacebookcomunicef twitter httpstwittercomunicef instagram httpinstagramcomunicef tumblr httpuniceftumblrcom pinterest httpwwwpinterestcomunicef medium httpsmediumcomunicef,Nonprofits & Activism,Inspiring Videos,"UNICEF kids children human rights charity not for profit non-profit development earth,celebrities,celebrity,13570,children,refugees,Syria,New york,United nations,orlando bloom,conflict"
4di1ebBdEEA,inspire reminder get difficult time mufti menk,httpswwwfacebookcommuslimspeakers,Nonprofits & Activism,Inspiring Videos,"difficult,times,jannh,paradise,mufti menk,muslimspeakers,bachamazar,Allah,prophetmuhammad,muslimah,muslim,2014,shortreminder,islamic"
5r0Xtqz9U38,point remember inspire innovation emily groves tedxnorwiched,innovation help level play field come bigger fiercer competition come make thrive inspire innovation root years practical application personal experience business founder emily groves share simple framework exercise inspire promote innovation come angle emily found energy consultancy height recession significant financial risk crowd marketplace four people although seriously outnumber six years later multiple award include iod director east england consultancy relatively small handful people shoot innovation every single thing emily share simple framework help small organisations leverage innovation level play field talk give tedx event use ted conference format independently organize local community learn httptedcomtedx,Nonprofits & Activism,Inspiring Videos,"TEDxTalks,English,United Kingdom,Business,Change,Education,Education reform,Energy,Innovation,Personal education,Personal growth"
I33labpGYKo,power education inspire story india,stories power education currently feature immersive exhibition entitle transform unesco set unite nations headquarter new york sideline highlevel political forum see httpsenunescoorgnewspowereducationinspiringstoriesfourcontinents,Nonprofits & Activism,Inspiring Videos,"India,inspiring,story,education"
rx-nF96n-9o,anukunte kanidi emunnadi inspire telugu song motivational video,inspiringtelugusonganukuntekanidiemunnadi,Nonprofits & Activism,Inspiring Videos,"anukunte kanidi emunnadi inspirational s,inspirational telugu video songs,motivational telugu songs,inspiring telugu songs,telugu inspirational songs about life,anukunte kanidi emunnadi video song status,anukunte kanidi emunnadi video song dj,anukunte kanidi emunnadi video song,anukunte kanidi emunnadi video song hd,Anukunte Kanidi Emunnadi,inspirational telugu songs"
A7a1sJSvpoA,love motivation sakthi inspire speech,confuse love need help make decision cannot avoid video tag value wwwthehealerfoundationcom,Nonprofits & Activism,Inspiring Videos,"lesson,the healers foundation,healers,ngo,great values,marriage,love marriage,healer foundation speech,healer sakthi,best inspirational speech,sakthi motivational speech,the healer foundation sakthi speech,healer sakthi speech,motivational video,sakthi speech,motivational speech in tamil,sakthi college speech,sakthi latest speech,healer foundation,famous speeches in tamil,best motivational video,sakthi speech status,sakthi speech love,shakthi sp"
FKlXnyOkZbo,girls inspire monologue peer pressure go viral,girls inspire monologue peer pressure go viral,Nonprofits & Activism,Inspiring Videos,"filantropía,digital,tecnología,méxico,acción civil,ong,caridad,charity,causa,ayuda,sociedad civil,altruismo,activismo,voluntariado,eduardo saverín,aldo alvarez,aporta méxico,hispanos,mexicanos,latinos,desastres,apoyo,doantivo en especie,donativo deducible,fundación,ayuda humanitaria,donataria autorizada,asociación civil,SAT,hacienda,huracán,terremoto,filantrofilia,donativos méxico"
Z7YKnKo8J-4,jim carreys secret life inspire message,jim carrey overflow amaze advice live successful life remember jim carrey comedian class clown guy multitalented insightful individual world knowledge share sit back enjoy minutes highly valuable advice,Nonprofits & Activism,Inspiring Videos,"jim carry,inspirational video,secret of life"
WY_oMRu-tIE,dr abdul kalams inspire speech sivananda saraswathi sevashram,minutes speech change adult childrens life better see english subtitle open link click cc youtube player,Nonprofits & Activism,Inspiring Videos,"Sivananda Saraswathi Sevashram,Sivananda Orphanage,Sivananda Orphanage Chennai,Sivananda Gurukul,Sivananda Gurukulam,Sivananda Ashram,Build Hope,Hope,Orphan,Orphans,Old age home"
efg4tcNhzWI,women inspire next generation scientists storytellers worldchangers,conservation pioneer ethologist dr jane goodall lion biologist thandiwe mweetwa marine biologist adjany costa educator shabana basijrasikh ecologist photographer jen guyton conservation ecologist paola bouley marine conservationist jess cramp teacher kelly meade astrophysicist dr jedidah isler women national geographic grant recipients fearlessly push boundaries inspire next generation changemakers inspire learn natgeoorgexplorers national geographic society impactdriven global nonprofit organization push boundaries exploration further understand world empower us generate solutions healthy sustainable future generations come ultimate vision planet balance wwwnationalgeographicorg videos explorers festival lyda hill announcement find us youtube httpswwwyoutubecomcinsidenatgeo facebook httpswwwfacebookcominsidenatgeo twitter httpswwwtwittercominsidenatgeo instagram httpswwwinstagramcominsidenatgeo,Nonprofits & Activism,Inspiring Videos,"national geographic,nat geo,insidenatgeo,inside nat geo,expand the field,women,women's history,women's history month,women in STEM,STEM,woc in STEM,women of color,media innovation,education,exploration,photography,adjany costa,eliza scidmore,elsie grosvenor,jen guyton,jess cramp,kakenya ntaiya,kelly meade,paola bouley,shabana basij-rasikh,wasfia nazreen"
MNslje1JJ9U,inspire life ppprabodh swami,please note right image videos music use video belong original owner respective content copyright infringement intend,Nonprofits & Activism,Inspiring Videos,"#YDS,#PRABODHSWAMI
#DASNADAS"
jbHpF7Ey_ck,jacqueline novogratz inspire life immersion,httpwwwtedcom want live life purpose start luminous wideranging talk jacqueline novogratz introduce us people shes meet work patient capital people immerse cause community passion justice human stories carry powerful moments inspiration tedtalks daily video podcast best talk performances ted conference worlds lead thinkers doers give talk live minutes feature speakers include al gore climate change philippe starck design jill bolte taylor observe stroke nicholas negroponte one laptop per child jane goodall chimpanzees bill gate malaria mosquitoes pattie maes sixth sense wearable tech lose producer jj abrams allure mystery ted stand technology entertainment design tedtalks cover topics well science business development arts close caption translate subtitle variety languages available tedcom httpwwwtedcomtranslate,Nonprofits & Activism,Inspiring Videos,"Jacqueline,Novogratz,TEDTalks,TED,talks,patient,capital,development,poverty,social,justice,Africa,community,money,microfinance"
BMdM-mtTgD0,inspire purposeful life lisa christensen tedxwanchai,inspire story social entrepreneur encounter overcome major challenge along passion drive path make world better place spirit ideas worth spread tedx program local selforganized events bring people together share tedlike experience tedx event tedtalks video live speakers combine spark deep discussion connection small group local selforganized events brand tedx x independently organize ted event ted conference provide general guidance tedx program individual tedx events selforganized subject certain rule regulations,Nonprofits & Activism,Inspiring Videos,"tedx talk,global issues,English,tedx talks,ted x,Hong Kong,ted talk,tedxwanchai,environment,sustainability,social entrepreneur,health,tedx,ted,environmental issues,ted talks,oceans"
KOTxHhiET6k,power education inspire story lesbos,stories power education currently feature immersive exhibition entitle transform unesco set unite nations headquarter new york sideline highlevel political forum see httpsenunescoorgnewspowereducationinspiringstoriesfourcontinents,Nonprofits & Activism,Inspiring Videos,"Lesbos,Greece,migrants,refugees,IDP,inspiring,story,camp,education"
zVu9eawb1QY,greenpeace inspire action,fragile earth need action need wwwgreenpeaceorg music hecq additional image nasa esahubble,Nonprofits & Activism,Inspiring Videos,"earth,day,Greenpeace,action,green,peace,climate,change,environment,me2,world,activist,activism,nature,nonprofit,greenpeace,inspiring,video"
FHpW2GH0EiM,indonesia inspire story green business,video document success stories learn process young entrepreneurs receive start improve green business sygb train coach well startup capital central bank indonesia video young entrepreneurs demonstrate turn waste business programme part ilos development effective entrepreneurship programme fund sida text english audio bahasa indonesia,Nonprofits & Activism,Inspiring Videos,"Entrepreneurship (Field Of Study),young people,training,ILO,International Labour Organization (Membership Organization),Indonesia,Bank Indonesia,UNDP"
MqRFlLuCkQg,inspire genzers bring hope kid compassion international,brave young girl host compassion sunday church bring hope children live poverty sponsor child partner us release children poverty jesus name visit httpcintlusyoutube subscribe compassion youtube httpcintlusyoutubesub facebook httpwwwfacebookcomcompassionintl instagram httpwwwinstagramcomcompassion twitter httpwwwtwittercomcompassion pinterest httpwwwpinterestcomcompassion snapchat httpwwwsnapchatcomaddcompassionintl,Nonprofits & Activism,Inspiring Videos,"compassion,compassion international,poverty,nonprofit,charity,kids,global,community,outreach,sponsor a child,child sponsorship"
RrAcbXvFxKk,session inspire life pujyashri brahmachariji,motivationalmonday let get inspire devotee live life fragrant virtues dissolve selfless service guru attain selfrealisation shelter guru learn life pujyashri brahmachariji ardent devotee pujyashri laghuraj swami session propound path bhagwan mahavira torchbearer shrimad mission pujya gurudevshri rakeshbhai spiritual visionary modernday mystic illuminate thousands live various countries enlighten discourse array meditation retreat divine benevolence uplift multitude underprivileged live inner augmentation societal development information visit httpswwwsrmdorg discourse bhajans meditations available missions website httpwwwsrmdorgdivineshop visit srmd blog subscribe newsletter httpswwwsrmdorgeninwisdomarticles follow us facebook httpswwwfacebookcomshrimadrajchandramissiondharampur twitter httpstwittercomsrmdharampur instagram httpswwwinstagramcomsrmdharampur pinterest httpsinpinterestcomsrmissiondharampur linkedin httpswwwlinkedincomcompanyshrimaddharampur vimeo httpsvimeocomsrmissiondharampur whatsapp step save number phone contact whatsapp us name city,Nonprofits & Activism,Inspiring Videos,"Monday Motivation,Monday,Motivation,Inspiring Life stories,Inspiring Spiritual Stories,Inspiring life of Pujyashri Brahmachariji,Brahmacariji,Pujyashri Laghuraj Swami,Devotee of Laghuraj Swami,SRMD Inspirational Videos,Session on Inspiring Stories,Inspriiational Videos,Pujya Gurudevshri Rakeshbhai,Bhakts of Shrimad Rajchandraji,Param Krupaludev,Dharampur 2004,Motivating Life Stories,Stories on Great Saints,True Stories of Great People,Who is Brahmachariji?"
ESQMLqJuzHg,inspire world soil plant health mick alexander tedxrockhampton,mick alexander pasture graze specialist work within queensland new south wales agricultural industry passionate graze farm best practice speak healthy soil relate healthy humans farmers agriculture solution future spirit ideas worth spread tedx program local selforganized events bring people together share tedlike experience tedx event tedtalks video live speakers combine spark deep discussion connection small group local selforganized events brand tedx x independently organize ted event ted conference provide general guidance tedx program individual tedx events selforganized subject certain rule regulations,Nonprofits & Activism,Inspiring Videos,"Plant Health,tedx talk,English,tedx talks,ted x,ted talk,Rockhampton,Soil,TEDxRockhampton,ted talks,tedx,ted,Photosynthesis,Australia"
XeT-k_5xxyg,inspire conversion story,enjoy inspire conversion story heather ross cream city catholic founder jake ross wife,Nonprofits & Activism,Inspiring Videos,"catholic conversion,st. stanislaus,milwaukee catholic,catholic faith"
QzoeiT5YBNc,lunas inspire story hope,story luna brave resilient collar elephant whose family decimate poachers one last remain members prosperous strong planets herd track luna deepen understand impact poach elephant society strategies orphan elephants use survive wild give tuesday hop raise enough money hours better protect elefriends like luna give tuesday last hours protect elephants last lifetime donate footage robbie labanowski save elephants music sebastian fox,Nonprofits & Activism,Inspiring Videos,"elephants,save the elephants,Giving Tuesday,Samburu,Northern Kenya,Luna,Hope,Resilience,New Film,Elephant,Collar,Planets"
gwjj50vCVtE,inspire next generation female engineer morgan dicarlo tedxsbu,talk give local tedx event produce independently ted conferences society around fall short provide handson opportunities girls interest science technology engineer mathematics create professional network young women enter field develop morgan dicarlo undergraduate stony brook university step original title use mentorship handson learn build next generation female engineer morgan dicarlo undergraduate civil engineer student business management minor women science engineer wise program stony brook university dream apply science math principles solve global water problems commitment create worldwide engineer solutions mark acceptance esteem jewish foundation education women suny scholars program international relations global affairs hop inspire others pursue science technology engineer mathematics stem still school morgan dedicate time outside classroom promote interest civil engineer first year college found american society civil engineer chapter stony brook campus commitment establish run organization commend asce long island student outreach certificate recognition asce metropolitan section scholarship undergraduate recognition award outstanding leadership morgan singlehandedly design implement curriculum engage young women field civil engineer handson project program impact four class long island high school girls wise program continue expand work civil engineer outreach coordinator wise lead position stem advisory board intrepid museum work intrepid museum ideas broader impact nyc public school include professional development instruct summer workshop handson stem education research essay three generational line retain women science earn grand prize advance aspirations global scholarship womenetics discover bank result morgan serve panelist global initiative conference hold chicago il nov morgan currently research assistant study effectiveness stem mentor member stony leadership council passionately implement mentor handson learn solutions gender gap stem excite share ideas tedx community tedx x independently organize event spirit ideas worth spread tedx program local selforganized events bring people together share tedlike experience tedx event tedtalks video live speakers combine spark deep discussion connection small group local selforganized events brand tedx x independently organize ted event ted conference provide general guidance tedx program individual tedx events selforganized subject certain rule regulations,Nonprofits & Activism,Inspiring Videos,"ted talks,Career/Life Development,tedx talk,Architecture,United States,Education,English,ted x,tedx talks,Urban Planning,Culture,tedx,ted,TEDxTalks,ted talk"
LD_vO-qKtm4,brand south africa still inspire new ways,years democracy south africa continue inspire new ways,Nonprofits & Activism,Inspiring Videos,
qGCx-dLDLIo,inspire confidence selfbelief children music rachel davis tedxfolkestone,help thousands children tidy epic dance track rachel realise something amuse thoughtprovoking talk rachel explain belief systems form early childhood influence love music increase selfworth confidence selfbelief allow live full potential wwwlalatigerscom rachel founder lala tigers nlp practitioner musician mother two write music increase connection selfesteem children idea reimagined future every child understand power hold inside create life dream also courage selfbelief step fascinate belief systems form first years live go shape rest mostly subconsciously positively influence music talk give tedx event use ted conference format independently organize local community learn httpswwwtedcomtedx,Nonprofits & Activism,Inspiring Videos,"TEDxTalks,English,Life,Behavior,Childhood,Children,Music (topic),Parenting"
A8s7eHHceFc,inspire kid halles story,halle active child attack influenza lead respiratory failure treat advocate childrens hospital back healthy active lifestyle,Nonprofits & Activism,Inspiring Videos,"Advocate Children's Hospital,Kids,Breathing Difficulty,Halle Mangurten,Asthma,Dr. Richard Pervos,Dr. Kimberly Watts,Dr. Vinod Havalad"
jdk1VR-kqME,webinar inspire higherlevel think young children,tuesday january naeyc host webinar janis strasser lisa mufson bresson author one bestselling book big question young mind extend childrens think webinar explore ask rich thoughtful question meet children individual developmental approach ground extend think classroom beyond learn upcoming webinars view archive presentations wwwnaeycorgwebinars,Nonprofits & Activism,Inspiring Videos,"Big Questions for Young Minds: Extending Children's Thinking,Janis Strasser,Lisa Mufson Bresson,high-level thinking,Bloom's Taxonomy,DAP,Developmentally Appropriate Practice"
kG5MKvTxVUI,inspire story strength resilience determination,classmates face fun senior year high school katie face yearlong fight life renown childrens hospital seventeenyearold katie histing things normal teenager family learn rare bone cancer ewing sarcoma cancerous tumor typically occur children young adults katie undergo aggressive chemotherapy renown childrens hospital fortunately pediatric hematologistoncologist jacob zucker md able treat katie reno katie miss lot perk last semester high school bishop manogue catholic high school able go prom walk graduation day katie complete last series chemotherapy december plan begin college university nevada reno january watch patient stories youtubecomrenownhealth,Nonprofits & Activism,Inspiring Videos,
vbwme9l0x38,inspire kid innovative stephen hall tedxregina,stephen challenge us think differently role parent deep exploration mean creativity invention innovation stephen help us reimagine role help develop fundamentals creativity spirit ideas worth spread tedx program local selforganized events bring people together share tedlike experience tedx event tedtalks video live speakers combine spark deep discussion connection small group local selforganized events brand tedx x independently organize ted event ted conference provide general guidance tedx program individual tedx events selforganized subject certain rule regulations,Nonprofits & Activism,Inspiring Videos,"tedx,tedx talks,Canada,ted x,Saskatchewan,TEDx,Regina,ted talk,ted talks,ted,TEDxRegina,tedx talk"
zPB2EC0Z9z4,find spiritual connection radhanath swami tedxsquaremile,world shrink digital connections still nourish right connections live society get better connect spiritually spiritual leader radhanath swami address question insightful talk radhanath swami world renowned author philanthropist community builder bhakti yoga practitioner spiritual teacher years inspiration behind free midday meal million school kid across india instrumental found bhaktivedanta hospital mumbai keynote apple starbucks google house lord work lead meet us president barack obama india prime minister narendra modi talk give tedx event use ted conference format independently organize local community learn httptedcomtedx,Nonprofits & Activism,Spirituality,"TEDxTalks,English,United Kingdom,Life,Connection,Society,Spirituality"
4Usqj2NPbc0,world transition spiritual awaken new paradigm golo j pilz tedxslottsparken,climate change deterioration environment spiral control many ask come next golo pilz practise raja yoga since years build innovative solar systems indian advocate shift consciousness attitudes meditation yoga play vital role heal selves world golo pilz experience years meditation practitioner teacher years execute solar energy project years construction business years international climate talk impressive number presently work advisor renewable energy brahma kumaris mt abu rajasthan india spiritual progress move india germany introduce solar energy organization brahma kumaris involve carry rd project solar power rural application cook energy storage golo represent bk environment initiative un climate conferences regularly hold lecture climate change renewable energy lifestyle change help yoga meditation talk give tedx event use ted conference format independently organize local community learn httpswwwtedcomtedx,Nonprofits & Activism,Spirituality,"TEDxTalks,English,Global Issues,Change,Climate Change,Consciousness,Environment,Health,Meditation"
DAsFAds-H_o,spiritual humanism jay lakhani tedxloughborough,talk give local tedx event produce independently ted conferences limit science spirituality relate jay lakhani theoretical physicist offer overview spiritual humanism describe meet point two areas jay lakhani qualify theoretical physicist specialise quantum mechanics spend retirement explore link cut edge discoveries modern physics esoteric teach hinduism first hindu tutor appoint eton college tedx x independently organize event spirit ideas worth spread tedx program local selforganized events bring people together share tedlike experience tedx event tedtalks video live speakers combine spark deep discussion connection small group local selforganized events brand tedx x independently organize ted event ted conference provide general guidance tedx program individual tedx events selforganized subject certain rule regulations,Nonprofits & Activism,Spirituality,"ted,English,tedx talks,United Kingdom,Life,Religion/Spirituality,ted talks,ted talk,tedx talk,TEDxTalks,tedx,ted x"
YP3I2DFkT88,spiritual religious iranian immigrant story ali ashtari tedxmanitoba,talk give local tedx event produce independently ted conferences peace come within head research invenia technical compute team develop numerical approach optimize electricity consumption love technical skills acquire throughout phd directly applicable work innovative excite help reduce emissions due electricity grid inefficiencies tedx x independently organize event spirit ideas worth spread tedx program local selforganized events bring people together share tedlike experience tedx event tedtalks video live speakers combine spark deep discussion connection small group local selforganized events brand tedx x independently organize ted event ted conference provide general guidance tedx program individual tedx events selforganized subject certain rule regulations,Nonprofits & Activism,Spirituality,"Culture,TEDxTalks,Health,Religion/Spirituality,tedx talks,ted talk,Life,ted x,Canada,tedx,tedx talk,ted talks,International Affairs,ted,English"
CFtsHf1lVI4,psychosis spiritual awaken phil borges tedxumkc,phil borges filmmaker photographer document indigenous tribal culture years work exhibit museums galleries worldwide documentary film crazywise explore learn individuals turn psychological crisis positive transformative experience tedxumkc facebook page twitter tedxumkc httpwwwtedxumkccom spirit ideas worth spread tedx program local selforganized events bring people together share tedlike experience tedx event tedtalks video live speakers combine spark deep discussion connection small group local selforganized events brand tedx x independently organize ted event ted conference provide general guidance tedx program individual tedx events selforganized subject certain rule regulations,Nonprofits & Activism,Spirituality,"Social Change,Indigenous,TEDx,ted talks,ted x,ted talk,USA,tedx talk,ted,tedx,Awareness,TEDxUMKC,Phil Borges,tedx talks,English,Culture,UMKC,Developing World"
7c5t6FkvUG0,depression spiritual awaken two side one door lisa miller tedxteacherscollege,talk give local tedx event produce independently ted conferences depression us experience meaningless suffer dr lisa miller present research lend mean experience depression experience planet earth dr lisa miller perhaps foremost expert relative study psychology spirituality dr miller professor director clinical psychology teachers college columbia university found currently direct spirituality mindbody institute innovate disseminate train healers foundationally spiritual treatments dr miller soloedited oxford university handbook psychology spirituality publish seventy article chapters spirituality mental health wellness act principle investigator several million dollarsworth grant corporate family foundations well national institute mental health dr miller cofounder coeditorinchief new apa publication spirituality clinical practice also serve associate editor psychology religion spirituality official journal apa division society psychology religion spirituality dr miller serve president apa council representative dr miller elect fellow american psychological association award virginia sexton mentor award graduate yale university columbia university university pennsylvania study martin seligman ph tedx x independently organize event spirit ideas worth spread tedx program local selforganized events bring people together share tedlike experience tedx event tedtalks video live speakers combine spark deep discussion connection small group local selforganized events brand tedx x independently organize ted event ted conference provide general guidance tedx program individual tedx events selforganized subject certain rule regulations,Nonprofits & Activism,Spirituality,"Neuroscience,tedx talks,Psychology,United States,tedx,ted talk,TEDxTalks,Science (hard),English,ted x,tedx talk,ted talks,ted,Religion/Spirituality"
laF6lCQTfK8,islamic spiritual revival shariah legal reform daayiee abdullah tedxclaremontcolleges,use experience decades work islamic theology imam daayiee abdullah argue challenge modern day muslims know balance ilm book knowledge marifat understand spiritcommonsense imam daayiee abdullah religious leader scholar sciences quranic interpretation founder president mecca institute online inclusive progressive islamic theological school imam daayiee teach inclusive islamic liberation theology interpretation reside washington dc talk give tedx event use ted conference format independently organize local community learn httptedcomtedx,Nonprofits & Activism,Spirituality,"TEDxTalks,English,United States,Humanities,Islam,Religion"
Wbs0UmtNTmk,art spiritual practice stephanie smith tedxlehighriver,stephanies talk subtitle learn make mandalas stephanie hold strong belief processbased art practice powerful tool transformative personal growth harsh inner critic temporarily silence remove focus quality anyone may receive many physical emotional spiritual benefit artmaking offer selftaught artist stephanie smith work last ten years sacred circular art form know mandala selfreflective meditative practice date create piece mandala art wide variety expressive mediums resident artist banana factory arts center south bethlehem pennsylvania talk give tedx event use ted conference format independently organize local community learn httptedcomtedx,Nonprofits & Activism,Spirituality,"TEDxTalks,English,United States,Art,Arts education,Beauty,Benefit,Creativity,Design,Painting,Personal growth,Self,Spirituality"
UQOAxT8llto,neurophysiology spiritual guidance stephanie mine tedxfindhornsalon,stephanie share personal investigations clinical research brain network experience spiritual guidance alongside understand neurophysiology receive transmit clear guidance differentiate intuition occasional psychic hunch integrate holistic neurochemical phenomenon forever transform individual experience recalibrating nervous system stephanie devote resolution personal collective trauma explorations natural nonpharmaceutical ways unburden nervous system overwhelm result five book include shock overwhelm experience shatter itand families war come home founder tara approach resolution shock trauma vision holder convener climate change consciousness legacy earth talk give tedx event use ted conference format independently organize local community learn httpswwwtedcomtedx,Nonprofits & Activism,Spirituality,"TEDxTalks,English,Life,Consciousness,Neuroscience,Spirituality"
mEWAsy_0RvE,generation ideas spiritual practice walter gjergja tedxkazan,walter gjergja talk ancient ideas shaolin culture enhance everydays abilities generate new helpful ideas highest quality today walter gjergja shi xing mi shaolin secular monk master entrepreneur trainer adviser speaker writer refer media lead organisations cultural acrobat monk strategy master effectiveness уолтер джерджия ши синь ми секулярный монах шаолинь мастер предприниматель тренер советник спикер и писатель прозванный сми и ведущими организациями как акробат культуры монах стратегии и мастер эффективности talk give tedx event use ted conference format independently organize local community learn httptedcomtedx,Nonprofits & Activism,Spirituality,"TEDxTalks,English,Russian Federation,Life,Ancient world,Culture,Ideas,Philosophy"
758biajAbo8,spiritual evolution next level humanity kermit l harrison ii tedxtcc,spirit ideas worth spread tedx program local selforganized events bring people together share tedlike experience tedx event tedtalks video live speakers combine spark deep discussion connection small group local selforganized events brand tedx x independently organize ted event ted conference provide general guidance tedx program individual tedx events selforganized subject certain rule regulations,Nonprofits & Activism,Spirituality,"tedx talks,tedx,ted,ted talks,ted x,ted talk,tedx talk,TEDx"
g8Rol_Is8ZQ,president abdul kalam spirituality must watch art live,maximize happiness health immunity cut stress anxiety depression learn powerful breathe technique sudarshan kriya along pranayama yoga meditation practical tip everyday live online meditation breath workshop art live happiness program register httpsaolfinytonlinehp trendinghappiness art live long association dr apj kalam man humor deeply care society lead remarkable life scientist artist philosopher hold highest office still approachable one sri sri ravi shankar video president dr abdul kalam speak importance spirituality todays society art live silver jubilee celebrations bangalore india official youtube channel gurudev sri sri ravi shankar subscribe click httpsbitlyyoutubesrisri gurudev sri sri ravi shankar gurudev sri sri ravi shankar worldrenowned humanitarian spiritual leader ambassador peace human value life work gurudev inspire millions around world vision stressfree violencefree world gurudev found art live nonprofit organization engage stressmanagement service initiatives program design gurudev provide techniques tool live deeper joyous life like comment share subscribe channel subscribe art live channel httpsbitlyyoutubeaol like us facebook httpsbitlyfbsrisri follow us twitter httpsbitlytwittersrisri follow us instagram httpsbitlyinstasrisri visit website httpswwwartoflivingorg,Nonprofits & Activism,Spirituality,"abdul kalam dies,mystic,sri sri ravi shankar quotes,art of living bhajans,art of living,dr abdul kalam,abdul kalam live,sri sri ravi shankar yoga,sri sri ravi shankar meditation,art of living programs,sri sri ravi shankar talks,gurudev,abdul kalam speech,abdul kalam last speech,abdul kalam speeches,art of living meditation,qyuki,sri sri ravi shankar,abdul kalam speech in tamil,heart attack,abdul kalam,abdul kalam last,apj abdul kalam"
O7jE7EcD36I,sadhguru moments confusion spiritual path mystics india,seeker ask sadhguru start spiritual practice moments clarity moments confusion things happen know answer please watch video like video please share friends family members someone need link video recommend videos enjoy video may enjoy videos mystics india mukti dubstep song httpsgooglgogrjh tomorrow never come truth life httpswwwyoutubecomwatchvmkpthksaysq subscribe channel want learn great things environment must great supportive create subscribe channel httpswwwyoutubecommysticsofindia connect us instagram httpswwwinstagramcommysticsofindia facebook httpswwwfacebookcommysticsofindia sadhguru jaggi vasudev sadhguru jaggi vasudev bear september indian yogi poet mystic bestselling author found isha foundation profit organization offer yoga program around world january government india announce confer padma vibhushan award contribution towards spirituality spirituality spirituality mean particular practice certain way get many things like garden house soil sunlight stem plant certain way yield flower something take care things cultivate body mind emotions energies certain level maturity something else blossom within spirituality rationale immature doubt everything rationale mature see everything completely different light enlightenment india enlighten be refer dwijas dwija mean twiceborn bear womb happen unconsciously make happen nature bear come certain innocence blissfulness child innocent blissful since blissfulness happen consciously anybody corrupt time time take take away time years age many already take away children become tense years age today innocence get corrupt time depend upon volume influence people around bear must die first will die question reborn arise mean die physically leave body nonsense wait die way destroy everything call bear kind birth happen consciously become blissful innocent fully aware blissfulness cannot take away anybody call mean conscious selfannihilation indias famous mystics swami vivekananda sadhguru jaggi vasudev osho rajneesh paramahansa yogananda ramana maharshi sri aurobindo ramakrishna paramhamsa guru nanak jiddu krishnamurthi adi shankara kabir tulsidas guru gobind singh mahavir jain neem karoli baba thank watch really appreciate team moi,Nonprofits & Activism,Spirituality,"sadhguru videos,sadhguru latest,jaggi vasudev latest videos 2017,sadhguru confusion,confusion on spiritual path,sadhguru spiritual videos,sadhguru meditation,sadhguru 2018,sadhguru lessons,sadhguru teachings,sadhguru best,sadhguru advice,isha sadhguru,sadhguru answers questions,sadhguru insight,sadhguru jaggi vasudev,sadhguru talks,spiritual path sadhguru,spiritual teachings,spiritual lessons,spiritual guidance,guru"
9c6gLKN3WpA,spiritual growth look like tony evans devotional,know jesus savior httpstonyevansorgknowjesuschrist stream sermons httpstonyevansorgpodcast free sermon app httpssubsplashcomtonyevansapp subscribe motivation app httpssubsplashcomtonyevansmotivationapp prayer request httpstonyevansorgshareaprayerrequestonline donate httpsgivetonyevansorgthealternativedonation facebook httpswwwfacebookcomdrtonyevans instagram httpswwwinstagramcomdrtonyevans email devotional weekly httpsgotonyevansorgweeklydevosignup email hope word daily httpsgotonyevansorghopewords preacher free sermon outline httpsgotonyevansorgdrtonyevansfreechristiansermonnotes download spiritual teach variety subject httpsgotonyevansorgfreechristianebooks real spiritual maturity mean transform image christ dr tony evans founder senior pastor oak cliff bible fellowship dallas founder president urban alternative chaplain dallas mavericks author book booklets bible study radio broadcast alternative dr tony evans hear us outlets daily countries information visit tonyevansorg,Nonprofits & Activism,Spirituality,"tony evans,dr tony evans,spiritual maturity,spiritual growth,what spiritual growth looks like,what is spiritual growth,how to grow spiritually,Tony Evans devotional,Tony Evans devotionals,Tony Evans videos,tony evans spiritual growth,Christian growth,spiritual transformation,how to mature as a Christian,how to mature as a believer"
DYJA1mSeowU,prayer spiritual power tony evans sermon,know jesus savior httpstonyevansorgknowjesuschrist stream sermons httpstonyevansorgpodcast free sermon app httpssubsplashcomtonyevansapp subscribe motivation app httpssubsplashcomtonyevansmotivationapp prayer request httpstonyevansorgshareaprayerrequestonline donate httpsgivetonyevansorgthealternativedonation facebook httpswwwfacebookcomdrtonyevans instagram httpswwwinstagramcomdrtonyevans email devotional weekly httpsgotonyevansorgweeklydevosignup email hope word daily httpsgotonyevansorghopewords preacher free sermon outline httpsgotonyevansorgdrtonyevansfreechristiansermonnotes download spiritual teach variety subject httpsgotonyevansorgfreechristianebooks dr tony evans share key ignite kingdom prayer live dr tony evans founder senior pastor oak cliff bible fellowship dallas founder president urban alternative chaplain dallas mavericks author book booklets bible study radio broadcast alternative dr tony evans hear us outlets daily countries information visit tonyevansorg,Nonprofits & Activism,Spirituality,"Tony Evans sermon,sermon,sermons,powerful sermons,inspirational sermons,motivational sermons,dr tony evans,tony evans sermons,prayer,prayer sermons,sermons on prayer,prayer sermon,powerful prayer,spiritual power"
BihT0XrPVP8,scientific defense spiritual religious faith tony jack tedxcle,dr tony jack explore question whether scientist religious tedxcle talk anthony jack ba psychology philosophy oxford university phd experimental psychology university college london train cognitive neuroscience institute cognitive neuroscience ucl london dept neurology washington university st louis medical school since lead brain mind consciousness lab case western reserve university dr jack also become research director inamori international center ethics excellence talk give tedx event use ted conference format independently organize local community learn httptedcomtedx,Nonprofits & Activism,Spirituality,"TEDxTalks,English,United States,Science (hard),Religion,Science"
kIEK6AdJ7Q8,story spiritually awaken gurudev sri sri ravi shankar,maximize happiness health immunity cut stress anxiety depression learn powerful breathe technique sudarshan kriya along pranayama yoga meditation practical tip everyday live online meditation breath workshop art live happiness program register httpsaolfinytonlinehp trendinghappiness lot people want spiritually awaken understand subtleties world limit expectations gurudev sri sri ravi story spiritually awaken official youtube channel gurudev sri sri ravi shankar subscribe click httpsbitlyyoutubesrisri gurudev sri sri ravi shankar gurudev sri sri ravi shankar worldrenowned humanitarian spiritual leader ambassador peace human value life work gurudev inspire millions around world vision stressfree violencefree world gurudev found art live nonprofit organization engage stressmanagement service initiatives program design gurudev provide techniques tool live deeper joyous life like comment share subscribe channel subscribe art live channel httpsbitlyyoutubeaol like us facebook httpsbitlyfbsrisri follow us twitter httpsbitlytwittersrisri follow us instagram httpsbitlyinstasrisri visit website httpswwwartoflivingorg,Nonprofits & Activism,Spirituality,"art of living,sri sri ravi shankar,sri sri ravi shankar talks,sri sri ravi shankar meditation,sri sri ravi shankar quotes,art of living programs,art of living bhajans,sri sri ravi shankar bhajans,sri sri ravi shankar yoga,art of living meditation,art of living yoga,innovation,intuition,energy"
68JiOopPM3w,spiritual maturity,spiritual growth important excite joyce share quick clip,Nonprofits & Activism,Spirituality,
L5eI4KUTC5I,ericka huggins role spiritual practice social justice work bioneers,ericka huggins renowned former black panther political prisoner human right activist educator poet professor sociology african american study merritt college oakland advocate restorative justice role spiritual practice sustain activism promote social change ground belief greatness human heart ericka say one us ability look answer question future world personal transformation necessary achieve social transformation introduction fania davis restorative justice oakland youth speech give national bioneers conference since bioneers act fertile hub social scientific innovators practical visionary solutions worlds press environmental social challenge subscribe bioneers radio series available itunes podcast providers local radio station support bioneers today wwwbioneersorgdonate please join mail list httpwwwbioneersorgsubscribe stay touch via facebook httpswwwfacebookcombioneersorg follow us twitter httpstwittercombioneers,Nonprofits & Activism,Spirituality,"bioneers,social justice,environmentalism,women's leadership,activism,movements,educational,justice,Nature,Culture and Spirit,Spirituality,racial justice,equity"
EUvBklgcJH8,spirituality matter corporate leadership sreeram iyer tedxpickeringstreet,nearly years corporate management practice various leadership roles sreeram iyer reflect gap inadequacies contemporary wellknown tool skills available future corporate leaders spirituality may hold answer fill say gap inadequacies sreeram iyer chief operate officer anz institutional bank business bank industry years live many countries interest evolution newage business technologies transformation change leadership model active share thoughts regular speaker panellist external forums linkedin passion spread financial literacy underprivileged particular run program build school kid vietnam impact kid alltime favourite ted talk sir ken robinson school creativity sreeram live singapore family enjoy play lawn tennis wide read interest cover history spirituality indian philosophy student oxford university hinduism study mentor singapore find energy connect startup company talk give tedx event use ted conference format independently organize local community learn httpswwwtedcomtedx,Nonprofits & Activism,Spirituality,"TEDxTalks,English,Business,Career,Leadership,Spirituality"
5k4QsjMBIlM,people often feel isolate spiritual path,generate loneliness spiritual seeker sri swami vishwananda talk difference paths religion spirituality distinction remove feel loneliness someone path divine subscribe official bhakti marga youtube channel film march location shree peetha nilaya springen germany bhakti marga mean path devotion god stand family individuals world dedicate life foremost god main centre locate springen germany sri swami vishwananda spiritual master island mauritius founder bhakti marga information visit wwwbhaktimargaorg,Nonprofits & Activism,Spirituality,"Spirituality (Media Genre),Religion (TV Genre),Loneliness (Quotation Subject),yoga,Time (Dimension),time management,Meditation,Practice,Laziness (Quotation Subject),Spiritual (Media Genre),God (Deity),Prayer (Quotation Subject),isolation,Guru (Profession),Sri Swami Vishwananda,Bhakti (Religious Practice),Rāja Yoga (Religion),Krishna (Deity),Hinduism (Religion),sadhana,Vrindavan (City/Town/Village)"
DzWXSz9hlxw,spiritual whirlwinds,let whirlwinds drag stand strong disciples lord jesus christ subscribe mormon channel latest videos download mormon channel app ios android follow mormon channel facebook httpswwwfacebookcommormonchannel twitter httpstwittercommormonchannel instagram httpsinstagramcommormonchannel pinterest httpswwwpinterestcommormonchannel church jesus christ latterday saint,Nonprofits & Activism,Spirituality,"wind,choice,roots,tree,strength,mormon message,mormons,general conference,animations"
6i1fwBZyWxY,weave spiritual tapestry,elder hale explain importance create strong spiritual tapestry make variety christlike characteristics subscribe mormon channel latest videos download mormon channel app ios android follow mormon channel facebook httpswwwfacebookcommormonchannel twitter httpstwittercommormonchannel instagram httpsinstagramcommormonchannel pinterest httpswwwpinterestcommormonchannel church jesus christ latterday saint,Nonprofits & Activism,Spirituality,"mormon,story,message,life,weaving,support"
7NGB5rQKkpM,spirituality sexuality rev dr brent hawk cm tedxtoronto,october greatest thinkers changemakers join together onstage tedxtoronto deliver powerful talk performances embody theme thresholds learn visit tedxtorontocom follow tedxtoronto twitter tedxtoronto facebook tedxtoronto instagram tedxtoronto pastor metropolitan community church toronto rev hawk forefront ministry gay lesbian community toronto serve spiritual leader faith community congregants regular sunday worship well serve community large distinction champion several human right initiatives especially benefit gay lesbian community talk give tedx event use ted conference format independently organize local community learn httptedcomtedx,Nonprofits & Activism,Spirituality,"TEDxTalks,English,Canada,Life,Spirituality"
uSaiX7sCDV0,spiritual dynamite,invite spiritual power life combine family history bless temple elder dale g renlund promise experience protection temptation receive personal power change repent learn become holy help turn hearts family members need subscribe mormon channel latest videos download mormon channel app ios android follow mormon channel facebook httpswwwfacebookcommormonchannel twitter httpstwittercommormonchannel instagram httpsinstagramcommormonchannel pinterest httpswwwpinterestcommormonchannel church jesus christ latterday saint,Nonprofits & Activism,Spirituality,"spiritual,protection from temptation,change,repent,family members,lds,healing,mormon"
fqcBxA8SNnU,spiritual formation,village church exist bring glory god make disciples gospelcentered worship gospelcentered community gospelcentered service gospelcentered multiplication,Nonprofits & Activism,Spirituality,"Matt Chandler,The Village Church"
KNvbjlW6qls,religion spirituality ethics tariq ramadan tedxsalford,tariq ramadan professor contemporary islamic study oxford university president european muslim network write lecture contribute substantially debate issue muslims west islamic revival muslim world active academic grassroots level lecture extensively throughout world theology ethics social justice ecology interfaith well intercultural dialogue time magazine twice recognize ramadan first name one worlds top innovators century one worlds top religious leaders one worlds top influential intellectuals ramadan name foreign policy magazine list top global thinkers vote top intellectual person world list top public intellectuals prospect magazine uk spirit ideas worth spread tedx program local selforganized events bring people together share tedlike experience tedx event tedtalks video live speakers combine spark deep discussion connection small group local selforganized events brand tedx x independently organize ted event ted conference provide general guidance tedx program individual tedx events selforganized subject certain rule regulations credit curators mishal saeed uzair f butt technical lead mark earnshaw camerawork nathan rae team httpnathanraecouk post production elliott wragg httpswwwechoparkmediacouk audio restoration jorge polvorinos httpjorgepolvorinoswordpresscom,Nonprofits & Activism,Spirituality,"English,Tariq Ramadan (Author),Ethics (Field Of Study),religion,tedx talks,Salford,MediaCityUK,TED (Organization),Religion (Literary Genre),Manchester (City/Town/Village),What I Believe,Islam (Religion),ted talks,TEDxSalford,Quran,Spirituality,Time (Magazine),tedx,ted x,United Kingdom (Country),Oxford,English Language (Human Language),TEDx,tedx talk,ted talk,ted"
yWoGSIzVokc,dalai lama buddhism spiritual guidence religion sternstunde religion srf kultur,last trip switzerland visit house religions berne meet people tibetan diaspora holiness dalai lama take opportunity speak swiss national television srf muslim buddhist dialogue situation burma myanmar european refugee crisis interview conduct amira hafner aljabaji broadcast october dialogue dalai lama host muslima amira hafneral jabaji german httpwwwsrfchkulturgesellschaftreligiondalailamanennmicheinfachbruder sternstunde religion vom srf kultur auf youtube srf kultur auf facebook httpswwwfacebookcomsrfkultur srf kultur auf twitter httpswwwfacebookcomsrfkultur srf kultur auf srfch httpswwwsrfchkultur sterbehilfe sekten oder minarette das thema religion ist vielfältig und prägt manche gesellschaftspolitische debatte die dokumentarfilme und gespräche der ordnen ein schaffen zusammenhänge und fragen nach bei religionsvertretern expertinnen betroffenen und kritikern im blick sind dabei nicht nur die grossen weltreligionen sondern auch andere weltanschauungen und religionsgemeinschaften social media netiquette von srf httpswwwsrfchsocialnetiquette srfkultur srfsternstunde religion srf buddhism dalailama,Nonprofits & Activism,Spirituality,"Dalai Lama,Religion,humanity,Buddhism,Muslim,Amira Hafner-Al Jabaji,spiritual,guidance,life"
fCMcq4A2LiE,spiritual force evil part one,wwwtruthforlifeorg alistair begg even old man daniel listen god seek face try understand ongoing conflict world fearful frail prophet still faithful lord show earthly struggle reflect greater conflict heavenly realms message alistair begg challenge follow example remain faithful kingdom purpose long give us life realize may see outcome see glory,Nonprofits & Activism,Spirituality,"Alistair Begg,Biblical Figures,Faith,Fear,Kingdom of God,Obeying God,Perseverance,Prayer,Spiritual Warfare"
5D-ueUTXRZc,parable spiritual growth,ever wonder people seem make commitment christ transform overnight go buy biggest bible get show every sunday midweek church service sing louder anyone raise hand higher anyone talk everyone know jesus sudden nowhere throw towel say anymore happen find pastor gregs message parable spiritual growth series greatest stories ever tell,Nonprofits & Activism,Spirituality,"harvest,greg,laurie,Parable of Spiritual Growth,Parable,Spiritual,Growth,Spiritual Growth,church,bible,God"
PXw_5r5ZHpM,spiritual be human experience matt townsend hope work,one day girl scar face balance walk matt relationship coach practice terrible car accident leave physically emotionally deform look say go athlete think ever get marry look pretty use hear matt respond hope work presentation explore label change way see us really hope work series videos capture live events presenters share interest insights hope faith work live subscribe mormon channel latest videos download mormon channel app ios android follow mormon channel facebook httpswwwfacebookcommormonchannel twitter httpstwittercommormonchannel instagram httpsinstagramcommormonchannel pinterest httpswwwpinterestcommormonchannel church jesus christ latterday saint,Nonprofits & Activism,Spirituality,"hope works,overcoming labels,finding your identity,changing the way you see yourself,self perception"
EKqqjOTnGkc,meditation spiritual life experience srf members,selfrealization fellowship members share experience paramahansa teach describe influence live core teach yoga techniques meditation concentration energization teach include highest technique kriya yoga stepbystep instructions methods present selfrealization fellowship homestudy course available interest seekers higher consciousness lessons also provide wealth practical guidance spiritualize aspects life paramahansaji also write many book general public expound various facets spirituality unsurpassed depth clarity also provide much useful instruction science yoga spiritual classic autobiography yogi provide wonderful introduction life philosophy root deep love god humanity learn enroll srf lessons visit website httpsyoganandaorglessonsforhomestudy learn spiritual classic autobiography yogi paramahansa yogananda httpsyoganandaorgautobiographyofayogi see full list book yogananda please visit bookstore httpwwwsrfbooksorg,Nonprofits & Activism,Spirituality,"self realization fellowship,srf,kriya yoga,meditation,spiritual life,paramahansa yogananda"
6ptVYHYCuRc,win spiritual battle mind devotional tony evans,know jesus savior httpstonyevansorgknowjesuschrist stream sermons httpstonyevansorgpodcast free sermon app httpssubsplashcomtonyevansapp subscribe motivation app httpssubsplashcomtonyevansmotivationapp prayer request httpstonyevansorgshareaprayerrequestonline donate httpsgivetonyevansorgthealternativedonation facebook httpswwwfacebookcomdrtonyevans instagram httpswwwinstagramcomdrtonyevans email devotional weekly httpsgotonyevansorgweeklydevosignup email hope word daily httpsgotonyevansorghopewords preacher free sermon outline httpsgotonyevansorgdrtonyevansfreechristiansermonnotes download spiritual teach variety subject httpsgotonyevansorgfreechristianebooks bible talk helmet salvation talk control thoughts win spiritual battle happen mind must think thoughts renew gods word god want us dismantle every think go rule christ live god say something must ultimately hold weight mind devil friends family anyone else say dr tony evans founder senior pastor oak cliff bible fellowship dallas founder president urban alternative chaplain dallas mavericks author book booklets bible study radio broadcast alternative dr tony evans hear us outlets daily countries information visit tonyevansorg,Nonprofits & Activism,Spirituality,"helmet of salvation,armor of God,spiritual warfare,spiritual attack,mind,attack in the mind,spiritual battle in the mind,Tony Evans,Tony Evans devotional,Christian devotional,warfare,motivational,motivational video,tony evans,tony evans radio,dr tony evans"
QrbkKMGQzP0,gods strategy win spiritual warfare,engage spiritual warfare confirm child god pastor greg teach use armor god stand fight victorious enemys strategies,Nonprofits & Activism,Spirituality,"greg laurie,bible,church,spiritual war,faith,the good fight,armor of God"
MLWq-tMqERs,sufi spiritual practice sacred feminine festival faiths,sufism tasawwuf inner spiritual mystical dimension islam aim union god emptiness presence love method practice dhikr remembrance invocation god every breath rhythmic repetition name attribute god worshiper absorb presence sheikha cemalnur sargut one deepest inspire muslim spiritual teachers lead sohbet spiritual discourse dhikr invocation god ritual sufi master major worldwide follow also president turkish cultural association istanbul annual festival faiths sacred insight feminine wisdom fiveday nationally acclaim multifaith celebration music poetry art film dialogue spiritual leaders practitioners teachers april louisville ky information httpsfestivaloffaithsorg festival explore practice teach insight root feminine wisdom speakers artists diverse background faith traditions examine feminine aspects god nondual think wisdom natural world suffer heal emotional intelligence creativity festival seek offer deeper insight sacred feminine us join conversation join movement one americas top spiritual travel destinations huffington post,Nonprofits & Activism,Spirituality,"Sheikha Cemalnur Sargut,Sufism,Islam,Spiritual Practice,Sohbet,Dhikr,Festival Of Faiths,FOF2018,FOF,Feminine,Feminism,Thomas Merton"
Z5a0WHXOG6c,prayer spiritual warfare tony evans sermon,know jesus savior httpstonyevansorgknowjesuschrist stream sermons httpstonyevansorgpodcast free sermon app httpssubsplashcomtonyevansapp subscribe motivation app httpssubsplashcomtonyevansmotivationapp prayer request httpstonyevansorgshareaprayerrequestonline donate httpsgivetonyevansorgthealternativedonation facebook httpswwwfacebookcomdrtonyevans instagram httpswwwinstagramcomdrtonyevans email devotional weekly httpsgotonyevansorgweeklydevosignup email hope word daily httpsgotonyevansorghopewords preacher free sermon outline httpsgotonyevansorgdrtonyevansfreechristiansermonnotes download spiritual teach variety subject httpsgotonyevansorgfreechristianebooks dr tony evans share key ignite kingdom prayer live dr tony evans founder senior pastor oak cliff bible fellowship dallas founder president urban alternative chaplain dallas mavericks author book booklets bible study radio broadcast alternative dr tony evans hear us outlets daily countries information visit tonyevansorg,Nonprofits & Activism,Spirituality,"Tony Evans sermon,sermon,sermons,powerful sermons,inspirational sermons,motivational sermons,dr tony evans,tony evans sermons,sermons on prayer,prayer sermons,prayer,spiritual warfare,spiritual warfare sermons"
V57yPSt99Mo,tony evans victory spiritual warfare,know jesus savior httpstonyevansorgknowjesuschrist stream sermons httpstonyevansorgpodcast free sermon app httpssubsplashcomtonyevansapp subscribe motivation app httpssubsplashcomtonyevansmotivationapp prayer request httpstonyevansorgshareaprayerrequestonline donate httpsgivetonyevansorgthealternativedonation facebook httpswwwfacebookcomdrtonyevans instagram httpswwwinstagramcomdrtonyevans email devotional weekly httpsgotonyevansorgweeklydevosignup email hope word daily httpsgotonyevansorghopewords preacher free sermon outline httpsgotonyevansorgdrtonyevansfreechristiansermonnotes download spiritual teach variety subject httpsgotonyevansorgfreechristianebooks dr tony evans founder senior pastor oak cliff bible fellowship dallas founder president urban alternative chaplain dallas mavericks author book booklets bible study radio broadcast alternative dr tony evans hear us outlets daily countries information visit tonyevansorg,Nonprofits & Activism,Spirituality,"Tony Evans,Dr. Evans,Spiritual Warfare,Christian Spiritual Warfare,Christian Spirit,Christian Inspirational,Inspirational Videos,Christian Videos,videos for youth,videos for church,The Urban Alternative,Victory,sermons,teaching,pastor,faith"
LaaA5hJAI0c,christian spiritual practice wth cynthia bourgeault,spiritual practice cynthia bourgeault contemplation luminous see explore simple gesture let go think observe notice time prayer pave way two foundational prerequisites nondual see objectless awareness attention heart cynthia bourgeault join quaker chant writer paulette meier lead us actual experience deeper contemplative heart see sacred cosmos faith science april festival explore wisdom present intersection faith science diverse lineup speakers artists examine ancient modern question heart human existence investigate space reason revelation coexist engage contemporary topics concern teach endure faith traditions learn httpfestivaloffaithsorg,Nonprofits & Activism,Spirituality,"Festival of Faiths,2019 Festival of Faiths,Sacred Cosmos Faith & Science,Universe,Vibration,Thomas Merton,Science,Cosmos,Cosmology,Talk,Conference,#festivalofaiths,#fof2019,#faithandscience,Christian Spiritual Practice,Cynthia Bourgeault,Quaker,nonduality,meditation,luminous seeing,Center for Interfaith Relations"
5wQm2u3b4jE,power spiritual momentum jentezen franklin,message start spiritual momentum launch us victory victory get momentum get get presence return new level breakthrough bestow us momentum build impact join us every sunday est either online one campuses discover httpwwwfreechapelorg find us instagram httpswwwinstagramcomfreechapel find us facebook httpswwwfacebookcomfreechapelconnect find us twitter httpswwwtwittercomfreechapel download free chapel app httpwwwfreechapelorgapp give httpwwwfreechapelorggive,Nonprofits & Activism,Spirituality,"Jentezen Franklin,Free Chapel,Sunday,Church,Live Stream,Worship Music,Music,Jesus,Praise and Worship,Service,Sermon,Message,Inspiration,church service,christian,Spiritual Momentum,fasting,prayer,spiritual momentum,kingdom connection,preaching,word of god,uplifting,God,christianity,Spiritual growth,spiritual warfare,faith"
wv_D4Zqu0C4,spiritual ecology llewellyn vaughanlee,record december mercy center burlingame california spiritual root present ecological crisis confront tangible threats global warm species depletion loss sacred devastate soul soul world yet inner tragedy mostly hide consciousness restore balance world need go beneath surface heal split spirit matter help bring sacred back life serve life break holy mother teresa see also prayer earth httpsyoutubeejtyphtfhko,Nonprofits & Activism,Spirituality,
2FuUnKQ5VVo,role spiritual father mother dr cindy trimm stag spiritual maturation,continue series stag spiritual maturation,Nonprofits & Activism,Spirituality,"cindy trimm,dr. trimm,8 stages of spiritual maturation,spiritual maturation,maturity,spiritual growth,spiritual father,spiritual mother,atomic prayer,power of prayer,atomic power of prayer"
_sK5LLzIkLk,need spiritual teacher,walk mooji baba beautiful clarify satsang sri mooji speak importance spiritual teacher recognise teacher right mind cunning homegrown well seem know weaknesses always tend back away come point feel like go painful teacher guide moments way safe powerful find teacher someone resonate follow least association reap fruit help calm centre experience music moojiji show way dawid oswal many videos view moojitv httpbitlymoojitv httpbitlysahajaexpress mooji satsang spirituality advaita nonduality awaken,Nonprofits & Activism,Spirituality,"Mooji,Liberation,philosophy,non-duality,awareness,guru,yoga,Jesus Christ,divine,peace,meditation,duality,Ramana,freedom,sahaja,awakening,reality,Papaji,mantra,supreme,spirituality,Buddha,Krishna,self,seeker,spirit,maya,devotion,presence,truth,Shiva,Self-realization,self-inquiry,Monte Sahaja,Satsang,love,bliss,eternal,Portugal,contemplation,wisdom,nirvana,time,I Am,soul,sacred,surrender,enlightenment,ego,God,being,prophet"
EXA_8qrhMs8,spiritual heal lourdes france,become member knight columbus today httpkofcorgjoinus partnership archdiocese military service usa knight columbus provide opportunity mean non wound wound ill injure us warriors participate warriors lourdes pilgrimage period prayer spiritual guidance accompany support warriors families throughout course pilgrimage occur annual international military pilgrimage pmi lourdes france spiritual heal lourdes france subscribe keep knight httpbitlysubscribeknightsofcolumbus stay connect social media httpswwwfacebookcomknightsofcolumbus httpstwittercomkofc httpswwwinstagramcomkofcofficial visit us httpwwwkofcorg,Nonprofits & Activism,Spirituality,"Knights of Columbus,Charity,Fraternity,Non-Profit,Catholic,KoC,K of C,KofC"
nCeOBu6g8Kg,human brain hardwired spirituality tracy thomson tedxcanmore,humanity planet careen path selfdestruction imperative realize hold within within brain solutions better life ability understand oneness connect us understand make better decisions personal live relationships ultimately communities get understand advance neuroimaging ancient culture elevate state consciousness must dr tracy thomson proud mother three teenage boys always passionate nature fitness heal dr thomson receive honour degree physiology doctorate medicine university western ontario go study family medicine university calgary anaesthesia ubc brain health memory maintenance certification program university south florida school medicine eventually true call healer compel pursue traditional chinese medicine find collaborative medical clinic seven years ago gaia clinic clinic dispense traditional focus symptom management integrate best different medicine current practice involve brain map neuropsych test use food medicine bioidentical hormones functional supplement write integrative treatment plan clients base western eastern heal philosophies talk give tedx event use ted conference format independently organize local community learn httptedcomtedx,Nonprofits & Activism,Spirituality,"TEDxTalks,English,Canada,Life,Achievement,Behavior,Brain,Consciousness,Evolution"
a7K2VVeDRqU,spiritual benefit simplicity brother bhaktananda apply monastic vow life,inspire video excerpt talk disciple eternal covenant brother bhaktananda direct disciple paramahansa yogananda since speak spiritual benefit practice simplicity thoughts simplicity feel simplicity action discuss apply vow monastics daily life path powerfully simplicity brother bhaktananda serve senior minister selfrealization fellowship temple hollywood ca pass talk give selfrealization world convocation los angeles california learn full talk dvd stream rental httpsbookstoreyoganandasrforgproductguruanddiscipleaneternalcovenantoflove learn selfrealization fellowship httpsyoganandaorg learn srf course advance meditation techniques yoga ideals balance spiritual live create yogananda describe brother bhaktananda essential thing study httpsyoganandaorglessons learn path yoga httpsyoganandaorgyogaunionwithblissthroughmeditation learn monastic life srf view videos life srf monks nuns httpsyoganandaorgmonasticorder simplicity simpleliving yogananda bhaktananda,Nonprofits & Activism,Spirituality,
naYQJX041-U,fast spiritual warfare jentezen franklin,fast spiritual warfare enemy mask angel light strategic strong sinister aim fiery arrows us hop demise lucky us weapons prepare us guarantee victory message pastor jentezen franklin discuss importance clothe spiritual armor hear inspire message jentezen franklin visit httpwwwjentezenfranklinorgwatch subscribe channel httpgooglyfkxhy tell us whats go life let us pray httpwwwjentezenfranklinorgcontactfprayer share testimony encourage us others httpwwwjentezenfranklinorgcontactfstory stay connect jentezen franklin httpswwwinstagramcomjentezen httpstwittercomjentezen httpswwwfacebookcomjentezenfranklin donate help us share gospel around world kingdom connection broadcast humanitarian outreaches,Nonprofits & Activism,Spirituality,"Jentezen Franklin,Kingdom Connection,Joel Osteen,Joseph Prince,Free Chapel,Temple,Saved,Save,Christianity,Faith,Depression,Healing,Radical,Devotion,Devotional,Islam,Mosque,Suicide,Struggle,fasting,Fast,Spiritual Warfare,Joyce Meyer"
bE348dlrBDk,ram dass spiritual fire,ram dass spiritual fire,Nonprofits & Activism,Spirituality,"Hanuman108108108108,Ram,ram dass,awareness,spirituality,consciousness,Dass"
dNfyngfxByg,secret success spirituality best motivational video swami mukundananda,receive inspirational videos swami mukundananda join jkyog inspiration whatsapp group day put practice daily sadhana zoom join online sessions whatsapp group join life transformation challenge ltc swami mukundananda free signup httpswwwjkyogorglifetransformationchallenge transformyourlife join days life transformation challenge ltc swami mukundananda free signup httpswwwjkyogorglifetransformationchallenge transformyourlife listen saint read many scriptures sublime gems wisdom many years take move ahead grow spirituality usually dont followimplement keep move ahead need reduce gap know knowledge much use untill implement even single gem knowledge completely transform life secret behind progress goal life swami mukundananda explain beautifully proceed grow spirituality watch gem wisdom put end curiosity httpsyoutubednfyngfxbyg swami mukundananda swami mukundananda renowned spiritual leader philosopher visionary author humanitarian founder yogic system call swamiji unique sanyasi renounce order life distinguish degrees engineer management two world famous institute india iit iim senior disciple jagadguru shree kripaluji maharaj enlighten discourse clarify deepest concepts vedic scriptures wit humor perfect logic along discourse teach comprehensive system body mind youth swamiji conduct program prestigious universities princeton stanford yale mit duke kellogg school management invite speak various fortune company like google oracle intel etc children establish special personality development program call character build inspire millions people around world path spirituality holistic health yoga meditation service society godrealization swamijis warmth humility touch fortune association full profile visit httpswwwjkyogorgswamimukundananda like us facebooktwitter httpswwwfacebookcomswamimukundananda httpstwittercomswmukundananda wisdon snippets swami mukundananda god exist concept rebirth science healthy diet manage stress many art mind management swami mukundananda control mind patanjali yoga sutras swami mukundananda bhagavad gita swami mukundananda hindi kalyan ka marg bhagavad gita english swami mukundananda shrimad bhagavat mahapuran full bhagavat saptahweek swami mukundananda bad things happen good people hangout swami mukundananda bhagavad gita song god commentary swami mukundananda read online free httpwwwholybhagavadgitaorg swamimukundananda jkyog join swami mukundananda mail list httpsjkyogorgsubscribeournewsletter people usa text jkyog get start,Nonprofits & Activism,Spirituality,"Swami Mukundananda,Kripaluji Maharaj,JKYog,Hindi,Yoga,Religion,Bhajan,Swami Mukundananda lectures,Best Motivational Video,Spirituality,2018,Secret to Success in Spirituality,Most Inspirational Video,Key To Success in Spirituality,Secret To Success in Devotion,Key To Success in Devotion,Steps to Success on Spiritual Path,Powerful Message for Spiritual Seekers,Inspiring Message for Spiritual Seekers,Next step to grow in spirituality"
RJymyuWHcWI,spiritual religious movement hindu conversation,rajiv malhotra discuss rapidly expand movement west head himalayan academy hindu organization base hawaii share perspectives sbnr identity mean many westerners leave judeochristian identities classify sbnr sbnr relate hindu dharma snbr westerners wish call hindus would better approach secure westerners like many aspects hinduism call hindus responsibility hindu teachers regard opportunities threats hinduism face sbnr movement donate infinity project include continuation episodes research व इस और subscribe rajiv malhotra official join rajivs discussion httpsgroupsgooglecomdforuminfinityfoundationsatsang,Nonprofits & Activism,Spirituality,"Rajiv Malhotra,Infinity Foundation,India,Indian,Hindu,Hinduism,Religious,Religion,Isha Foundation,Sadguru,Meditation,Buddhism,Education,Modern,Society,Politics,Globalization,Breaking India,Being Different,Academic,Hinduphobia,Indra’s Net,Indras Net,The Battle For Sanskrit,Sanskrit,Mind Sciences,Himalayan Academy,Satguru,Bodhinathta,Veylanswami,Hawaii,Spiritual,SBNR,Hinduism Today,Magazine"
lLYb3J7SBIg,spirit python recognize spiritual attack jentezen franklin,kingdom connection host jentezen franklin watch spirit python recognize spiritual attack ever feel tire weary struggle get day many time feel limit unproductive prayer praise walk christ may coincidence could sure sign youre spiritual attack learn simple step take recognize defeat enemy jentezen franklins message spirit python recognize spiritual attack,Nonprofits & Activism,Spirituality,
